Unnamed: 0.1,Unnamed: 0,residual sugar,chlorides,free sulfur dioxide,total sulfur dioxide,density,alcohol,quality
640,5538,2.3,0.071,16.0,40.0,0.9991,9.4,5
648,5546,2.8,0.066,10.0,28.0,0.9964,11.2,7
954,5852,2.7,0.082,6.0,11.0,0.99538,12.2,6
594,5492,2.6,0.096,20.0,38.0,0.9978,9.5,5
744,5642,2.7,0.095,21.0,101.0,1.0001,9.5,5
480,5378,15.5,0.069,6.0,23.0,1.0026,9.2,5
356,5254,3.0,0.08,29.0,55.0,1.0001,11.0,5
121,5019,2.2,0.119,14.0,56.0,0.9962,10.9,6
750,5648,2.9,0.089,17.0,40.0,0.99803,9.5,5
1369,6267,1.6,0.069,4.0,8.0,0.99396,10.4,4
1250,6148,2.3,0.079,24.0,37.0,0.99514,10.9,6
1320,6218,2.6,0.094,12.0,88.0,0.99796,10.1,5
902,5800,2.4,0.08,16.0,33.0,0.99736,10.8,7
48,4946,1.6,0.066,5.0,12.0,0.9958,9.2,5
896,5794,2.4,0.078,17.0,43.0,0.99444,12.5,7
787,5685,2.2,0.079,19.0,58.0,0.9991,10.1,6
1071,5969,8.1,0.098,30.0,92.0,0.99892,9.2,5
735,5633,2.1,0.112,11.0,22.0,0.9963,9.5,5
1014,5912,2.0,0.12,3.0,7.0,0.99454,11.2,6
639,5537,1.9,0.067,25.0,57.0,0.997,10.3,6
223,5121,2.0,0.083,8.0,28.0,0.99815,10.0,6
846,5744,1.8,0.081,14.0,31.0,0.99689,9.8,5
1016,5914,2.2,0.068,12.0,28.0,0.99486,12.6,7
91,4989,1.9,0.11,20.0,136.0,0.9972,9.9,6
1191,6089,2.3,0.166,6.0,12.0,0.99551,10.8,5
1285,6183,1.8,0.09,20.0,47.0,0.99734,10.5,5
1109,6007,2.1,0.171,27.0,66.0,0.9982,10.8,6
1259,6157,2.7,0.123,15.0,33.0,0.99538,11.3,6
972,5870,2.4,0.104,6.0,13.0,0.99643,11.6,7
1383,6281,2.1,0.08,25.0,105.0,0.99613,9.9,5
817,5715,1.6,0.084,19.0,27.0,0.99545,11.9,6
1024,5922,1.8,0.088,12.0,18.0,0.99568,10.5,7
600,5498,2.1,0.088,7.0,23.0,0.9962,10.0,4
1561,6459,2.0,0.08,31.0,131.0,0.99622,9.9,5
216,5114,2.0,0.101,13.0,49.0,0.9962,11.0,5
1418,6316,1.6,0.077,3.0,19.0,0.995,9.8,5
1148,6046,2.0,0.086,9.0,21.0,0.99526,11.6,6
1128,6026,2.7,0.095,28.0,89.0,0.9984,10.0,5
540,5438,3.3,0.101,20.0,47.0,0.9988,9.6,5
277,5175,4.0,0.104,4.0,23.0,0.9996,10.1,6
803,5701,2.5,0.114,14.0,46.0,0.9971,9.6,6
1010,5908,1.7,0.067,7.0,12.0,0.99354,12.3,7
1020,5918,2.4,0.123,3.0,8.0,0.99642,11.9,6
316,5214,3.4,0.102,37.0,92.0,0.9996,10.1,5
1595,6493,2.2,0.062,39.0,51.0,0.99512,11.2,6
569,5467,2.2,0.095,19.0,42.0,0.9946,11.7,6
1239,6137,4.3,0.057,11.0,20.0,0.99488,11.8,4
326,5224,3.65,0.121,6.0,14.0,0.9978,11.5,7
855,5753,2.5,0.071,10.0,14.0,0.99538,11.7,7
168,5066,2.1,0.089,11.0,44.0,0.9953,10.4,6
411,5309,2.4,0.08,23.0,78.0,0.9987,9.5,5
132,5030,2.3,0.049,17.0,99.0,0.9937,13.0,5
1214,6112,1.9,0.081,6.0,9.0,0.99628,10.4,6
1464,6362,1.7,0.063,34.0,53.0,0.9958,9.7,5
1187,6085,2.0,0.085,6.0,39.0,0.99346,11.9,6
443,5341,2.7,0.077,11.0,19.0,0.9963,11.6,7
1363,6261,2.0,0.08,11.0,63.0,0.99652,9.8,4
801,5699,3.3,0.068,8.0,17.0,0.99735,10.0,5
1577,6475,5.1,0.076,13.0,27.0,0.99622,11.9,6
325,5223,11.0,0.071,13.0,50.0,1.0015,9.2,6
20,4918,1.8,0.077,29.0,60.0,0.9968,9.4,6
767,5665,2.7,0.103,13.0,98.0,0.99938,9.5,5
491,5389,2.5,0.055,12.0,25.0,0.9952,13.3,7
906,5804,2.6,0.084,12.0,78.0,0.9964,11.0,5
490,5388,2.8,0.078,24.0,56.0,0.9984,10.6,6
217,5115,2.2,0.072,11.0,41.0,0.9967,9.1,5
338,5236,3.0,0.103,28.0,99.0,1.0008,11.5,6
1129,6027,3.3,0.092,24.0,70.0,0.99798,10.5,6
1496,6394,1.9,0.089,23.0,147.0,0.99636,9.7,5
478,5376,2.2,0.087,5.0,28.0,0.9988,10.2,5
1062,5960,1.9,0.098,6.0,15.0,0.9956,11.4,6
472,5370,2.6,0.083,25.0,68.0,0.9995,10.4,6
1301,6199,2.0,0.1,20.0,57.0,0.99598,11.7,6
1434,6332,15.4,0.214,55.0,95.0,1.00369,9.0,6
602,5500,2.6,0.081,6.0,14.0,0.9975,9.3,5
107,5005,1.7,0.088,15.0,64.0,0.9969,9.3,5
923,5821,8.8,0.084,26.0,45.0,0.99824,10.1,6
42,4940,2.6,0.332,8.0,14.0,0.9968,10.5,6
198,5096,1.2,0.046,13.0,93.0,0.9924,13.0,7
1005,5903,1.8,0.067,4.0,8.0,0.9928,12.8,7
466,5364,2.0,0.069,21.0,51.0,0.9982,11.5,6
40,4938,5.9,0.074,12.0,87.0,0.9978,10.5,5
701,5599,2.1,0.066,8.0,25.0,0.9972,9.5,6
1041,5939,1.7,0.079,13.0,26.0,0.99547,9.8,6
662,5560,1.6,0.076,9.0,27.0,0.9972,9.6,6
1091,5989,2.0,0.086,8.0,19.0,0.99546,11.4,6
25,4923,1.4,0.08,11.0,23.0,0.9955,9.3,5
41,4939,2.8,0.088,17.0,46.0,0.9976,9.3,4
1101,5999,2.1,0.071,14.0,25.0,0.99388,12.0,6
1199,6097,2.3,0.076,23.0,94.0,0.99686,9.5,6
314,5212,2.6,0.087,26.0,72.0,0.99645,11.0,5
1232,6130,2.1,0.075,19.0,66.0,0.99718,9.5,5
1317,6215,2.2,0.091,10.0,41.0,0.99638,11.9,6
110,5008,1.8,0.104,12.0,47.0,0.9964,9.5,5
294,5192,3.2,0.094,17.0,53.0,1.0014,9.5,6
1548,6446,2.0,0.099,19.0,50.0,0.99783,10.4,5
636,5534,2.4,0.086,30.0,147.0,0.9979,9.4,5
1135,6033,1.7,0.067,22.0,50.0,0.9946,11.9,6
1443,6341,1.75,0.058,8.0,22.0,0.99322,11.7,5
381,5279,2.9,0.085,17.0,43.0,1.0014,10.0,6
791,5689,2.9,0.084,25.0,130.0,0.99818,9.6,5
1015,5913,2.2,0.075,14.0,27.0,0.99598,11.4,6
1454,6352,2.2,0.073,7.0,23.0,0.99974,10.9,6
1410,6308,1.8,0.082,5.0,16.0,0.9936,11.9,6
1208,6106,2.1,0.074,24.0,44.0,0.99534,11.0,7
1046,5944,1.7,0.076,33.0,45.0,0.99612,10.7,6
1453,6351,1.9,0.074,27.0,85.0,0.99706,9.0,5
1549,6447,1.8,0.074,17.0,24.0,0.99419,11.4,8
1368,6266,2.1,0.079,16.0,74.0,0.99656,9.8,6
661,5559,1.6,0.08,15.0,42.0,0.9978,9.0,5
696,5594,2.1,0.066,8.0,25.0,0.9972,9.5,6
777,5675,2.4,0.241,6.0,18.0,0.9961,10.3,6
917,5815,8.8,0.084,26.0,45.0,0.99824,10.1,6
351,5249,2.6,0.096,11.0,26.0,0.9994,9.4,6
1336,6234,1.4,0.057,15.0,26.0,0.99448,9.5,5
1119,6017,2.5,0.066,7.0,15.0,0.99256,12.9,5
1241,6139,2.5,0.079,28.0,65.0,0.99729,9.8,5
225,5123,2.6,0.073,29.0,63.0,0.99615,10.5,6
1427,6325,2.5,0.078,6.0,23.0,0.9957,11.2,5
134,5032,2.2,0.084,13.0,29.0,0.9959,9.9,6
1284,6182,2.3,0.071,18.0,36.0,0.99476,10.9,5
1558,6456,6.7,0.235,66.0,115.0,0.99787,9.5,5
913,5811,4.6,0.094,3.0,10.0,0.99639,12.2,7
1426,6324,1.8,0.046,23.0,60.0,0.9971,12.1,6
75,4973,2.2,0.093,9.0,42.0,0.9986,10.5,5
921,5819,2.2,0.081,32.0,79.0,0.9964,11.0,6
879,5777,2.5,0.076,18.0,88.0,0.99745,9.5,5
387,5285,1.9,0.079,17.0,42.0,0.9972,9.6,6
221,5119,2.0,0.101,16.0,72.0,0.9957,9.4,5
663,5561,1.8,0.05,5.0,13.0,0.9974,10.2,6
295,5193,2.5,0.073,5.0,27.0,1.0001,9.5,5
838,5736,1.6,0.075,9.0,28.0,0.99672,11.2,7
262,5160,1.7,0.07,10.0,35.0,0.99575,10.0,5
492,5390,2.6,0.052,13.0,27.0,0.995,13.4,7
669,5567,2.0,0.082,6.0,15.0,0.9988,9.2,6
1419,6317,2.2,0.077,32.0,133.0,0.9956,9.9,5
534,5432,2.7,0.102,13.0,32.0,1.0,10.0,6
683,5581,2.6,0.059,5.0,15.0,0.997,11.3,5
949,5847,1.8,0.075,10.0,21.0,0.99552,11.9,7
577,5475,2.8,0.083,18.0,111.0,0.9982,9.5,5
70,4968,1.9,0.076,15.0,27.0,0.9967,9.5,6
1117,6015,2.5,0.091,15.0,21.0,0.99572,11.3,6
553,5451,1.6,0.05,32.0,96.0,0.9934,11.5,5
390,5288,1.4,0.045,12.0,88.0,0.9924,12.9,8
50,4948,1.7,0.074,4.0,23.0,0.9971,9.2,5
1238,6136,2.5,0.081,12.0,24.0,0.99798,9.6,4
441,5339,2.15,0.068,7.0,27.0,0.9988,11.3,6
264,5162,2.4,0.064,5.0,27.0,0.9999,10.9,5
226,5124,2.0,0.337,27.0,81.0,0.9964,9.5,6
237,5135,1.9,0.097,15.0,39.0,0.99675,9.2,6
962,5860,2.1,0.115,6.0,16.0,0.99654,9.5,5
1428,6326,1.9,0.072,27.0,55.0,0.9962,11.0,5
362,5260,2.5,0.072,6.0,37.0,0.9992,10.0,5
521,5419,2.0,0.088,16.0,43.0,0.998,9.1,5
92,4990,2.0,0.11,19.0,133.0,0.9972,9.8,5
677,5575,2.3,0.084,12.0,31.0,0.9979,9.9,5
924,5822,2.3,0.055,14.0,28.0,0.99516,11.2,5
477,5375,1.8,0.075,6.0,20.0,0.9977,11.0,6
1380,6278,2.6,0.077,11.0,35.0,0.99557,10.8,6
985,5883,2.0,0.064,7.0,11.0,0.99562,11.3,6
1161,6059,1.4,0.076,12.0,21.0,0.99551,10.2,6
126,5024,1.7,0.081,3.0,12.0,0.9964,10.9,5
1560,6458,2.0,0.08,31.0,131.0,0.99622,9.9,5
1288,6186,4.5,0.068,20.0,110.0,0.99914,10.2,5
734,5632,2.0,0.075,9.0,39.0,0.9987,9.3,5
494,5392,8.3,0.051,28.0,91.0,0.9952,12.1,6
1394,6292,3.9,0.07,27.0,73.0,0.99669,9.2,5
375,5273,4.4,0.124,6.0,15.0,0.9984,11.8,7
689,5587,1.8,0.157,5.0,17.0,0.9976,9.4,5
514,5412,2.4,0.107,6.0,15.0,0.9973,11.8,7
875,5773,2.8,0.109,7.0,16.0,0.99614,11.8,7
842,5740,2.6,0.119,34.0,68.0,0.99708,10.9,6
864,5762,2.7,0.077,15.0,85.0,0.99746,9.5,5
778,5676,3.4,0.079,7.0,34.0,0.99788,10.5,5
983,5881,1.9,0.065,8.0,17.0,0.99774,10.5,6
1030,5928,2.1,0.091,9.0,14.0,0.99488,11.5,7
231,5129,1.8,0.078,12.0,49.0,0.99625,9.9,6
1547,6445,1.6,0.048,12.0,26.0,0.99306,12.1,5
1417,6315,2.5,0.064,21.0,37.0,0.9952,12.1,7
1528,6426,2.2,0.096,21.0,59.0,0.99714,10.1,6
706,5604,2.0,0.093,10.0,19.0,0.9956,10.0,5
892,5790,1.9,0.082,10.0,18.0,0.99774,9.3,6
382,5280,2.0,0.08,11.0,27.0,0.9974,9.4,6
79,4977,1.5,0.08,27.0,119.0,0.9972,9.1,4
1583,6481,2.1,0.074,32.0,98.0,0.99578,9.8,5
1204,6102,2.1,0.074,24.0,44.0,0.99534,11.0,7
1043,5941,8.9,0.069,18.0,39.0,0.99859,10.9,7
1310,6208,1.9,0.073,24.0,88.0,0.99612,9.8,5
695,5593,1.3,0.034,18.0,44.0,0.9921,12.8,6
633,5531,3.4,0.105,11.0,86.0,1.001,11.3,4
684,5582,2.3,0.078,35.0,152.0,0.998,9.4,5
784,5682,2.5,0.077,20.0,85.0,0.99746,9.8,5
529,5427,2.4,0.077,6.0,33.0,0.9974,9.4,5
1302,6200,2.1,0.064,4.0,15.0,0.99576,11.2,6
641,5539,2.3,0.071,21.0,68.0,0.9992,9.5,5
305,5203,2.5,0.063,6.0,25.0,0.9998,9.3,6
1111,6009,2.0,0.092,23.0,55.0,0.99471,12.3,7
1598,6496,3.6,0.067,18.0,42.0,0.99549,11.0,6
183,5081,1.8,0.077,11.0,65.0,0.9971,9.3,5
476,5374,2.0,0.091,6.0,16.0,0.998,9.7,5
720,5618,2.0,0.082,10.0,22.0,0.9976,9.6,5
827,5725,2.8,0.076,15.0,37.0,0.99624,10.7,5
437,5335,3.2,0.066,6.0,22.0,0.9986,11.2,6
579,5477,2.2,0.063,18.0,40.0,0.9976,9.8,6
1068,5966,2.2,0.06,3.0,10.0,0.99572,10.9,7
1032,5930,4.1,0.095,5.0,14.0,0.99854,9.6,5
242,5140,1.8,0.102,28.0,109.0,0.99565,9.8,6
1157,6055,2.1,0.042,16.0,101.0,0.9924,12.9,7
151,5049,3.4,0.61,32.0,69.0,0.9996,9.4,4
1184,6082,2.1,0.08,11.0,119.0,0.99538,10.9,5
1460,6358,2.3,0.054,34.0,64.0,0.99724,10.4,6
1582,6480,2.6,0.053,13.0,27.0,0.99362,11.9,5
1247,6145,1.8,0.082,15.0,34.0,0.99655,10.5,5
517,5415,2.1,0.2,5.0,16.0,0.9994,8.4,3
1251,6149,2.2,0.077,27.0,60.0,0.9963,9.8,5
1409,6307,2.1,0.064,40.0,54.0,0.995,10.7,6
47,4945,1.6,0.113,12.0,37.0,0.9969,9.5,5
420,5318,2.4,0.089,35.0,67.0,0.9972,11.8,7
489,5387,2.6,0.073,10.0,26.0,0.9984,10.2,6
218,5116,1.9,0.076,10.0,44.0,0.9957,9.7,5
1013,5911,1.6,0.092,22.0,31.0,0.99635,10.0,6
1532,6430,2.0,0.058,18.0,22.0,0.99573,9.9,6
1110,6008,1.4,0.07,6.0,14.0,0.99593,10.0,6
1329,6227,2.1,0.083,17.0,91.0,0.99616,9.8,6
928,5826,2.3,0.055,14.0,28.0,0.99516,11.2,5
1216,6114,2.0,0.079,10.0,79.0,0.99677,9.5,6
1169,6067,2.3,0.086,5.0,14.0,0.99502,11.5,6
1437,6335,4.8,0.07,15.0,39.0,0.99577,11.1,5
1007,5905,2.0,0.064,12.0,25.0,0.99516,11.7,7
1059,5957,4.0,0.101,3.0,10.0,0.99586,12.1,7
109,5007,2.0,0.122,37.0,153.0,0.9969,9.3,5
919,5817,1.8,0.072,38.0,46.0,0.99504,11.8,6
1096,5994,5.5,0.117,9.0,17.0,0.99655,10.8,6
845,5743,1.8,0.081,14.0,31.0,0.99689,9.8,5
1011,5909,2.0,0.088,12.0,19.0,0.9957,10.4,6
1082,5980,1.8,0.073,31.0,70.0,0.99685,9.5,6
23,4921,2.3,0.084,9.0,67.0,0.9968,9.4,5
1212,6110,2.1,0.078,8.0,15.0,0.99498,10.4,6
386,5284,2.0,0.088,23.0,48.0,0.9981,9.2,6
747,5645,2.6,0.083,16.0,68.0,0.99782,9.4,5
948,5846,1.8,0.075,10.0,21.0,0.99552,11.9,7
1515,6413,4.1,0.074,16.0,65.0,0.99842,9.25,6
571,5469,2.2,0.095,19.0,42.0,0.9946,11.7,6
229,5127,2.6,0.081,10.0,37.0,0.99685,11.0,5
1219,6117,1.3,0.044,25.0,50.0,0.99478,10.9,6
102,5000,1.9,0.08,13.0,35.0,0.9972,9.0,6
1372,6270,1.7,0.415,12.0,66.0,0.99623,9.2,5
83,4981,1.8,0.401,16.0,51.0,0.9969,9.4,5
922,5820,1.8,0.072,38.0,46.0,0.99504,11.8,6
1165,6063,1.9,0.369,15.0,38.0,0.99634,9.4,5
1297,6195,2.1,0.064,15.0,29.0,0.99323,12.1,6
1525,6423,2.1,0.064,18.0,34.0,0.99552,9.7,5
1073,5971,2.7,0.088,16.0,37.0,0.9972,10.7,6
508,5406,2.2,0.09,26.0,62.0,0.9994,10.2,6
336,5234,1.9,0.052,6.0,16.0,0.9948,12.5,6
1423,6321,3.9,0.123,14.0,31.0,0.9968,11.0,4
1031,5929,1.8,0.093,9.0,15.0,0.99514,11.0,7
116,5014,1.9,0.077,11.0,40.0,0.9978,10.0,6
1116,6014,2.5,0.091,15.0,21.0,0.99572,11.3,6
944,5842,3.8,0.09,11.0,24.0,0.99498,12.1,7
680,5578,1.9,0.07,15.0,40.0,1.0004,9.0,5
1144,6042,2.3,0.066,35.0,70.0,0.99588,10.1,5
1153,6051,2.1,0.083,17.0,38.0,0.99622,11.1,6
901,5799,2.4,0.08,16.0,33.0,0.99736,10.8,7
1028,5926,2.5,0.075,41.0,68.0,0.99586,10.1,6
1023,5921,2.3,0.098,3.0,9.0,0.99506,12.3,6
1445,6343,5.2,0.094,19.0,98.0,0.99713,9.6,6
78,4976,2.0,0.086,12.0,80.0,0.9958,10.1,5
1584,6482,2.4,0.061,24.0,34.0,0.99484,11.6,7
122,5020,2.5,0.075,3.0,13.0,0.998,9.2,5
1233,6131,2.2,0.057,14.0,36.0,0.99614,9.3,4
1429,6327,2.2,0.049,38.0,67.0,0.996,11.3,5
1194,6092,1.8,0.114,15.0,64.0,0.99588,9.5,6
69,4967,1.9,0.074,8.0,19.0,0.9962,10.5,6
859,5757,1.8,0.074,15.0,24.0,0.99438,11.2,6
1569,6467,1.9,0.056,15.0,34.0,0.99396,11.5,6
1190,6088,4.6,0.08,6.0,20.0,0.99652,12.5,6
1277,6175,1.9,0.114,3.0,10.0,0.99636,9.7,6
931,5829,2.0,0.074,13.0,38.0,0.99748,9.8,5
970,5868,1.9,0.066,6.0,10.0,0.99724,10.9,6
62,4960,1.9,0.085,12.0,35.0,0.9968,9.5,7
500,5398,1.9,0.081,14.0,38.0,0.9984,9.0,6
1225,6123,2.6,0.091,18.0,77.0,0.99922,9.4,5
475,5373,2.2,0.087,5.0,28.0,0.9988,10.2,5
424,5322,2.0,0.047,15.0,60.0,0.9955,10.9,5
238,5136,1.9,0.097,14.0,38.0,0.99675,9.0,6
1580,6478,2.4,0.068,9.0,26.0,0.9947,11.9,6
510,5408,4.6,0.073,19.0,43.0,0.9978,9.5,5
1260,6158,1.8,0.403,19.0,56.0,0.99632,9.3,5
1357,6255,2.5,0.078,27.0,67.0,0.99648,11.1,6
991,5889,2.0,0.082,31.0,68.0,0.99694,9.4,5
349,5247,2.6,0.093,11.0,28.0,0.9994,9.4,6
939,5837,1.6,0.073,7.0,11.0,0.99425,11.4,5
751,5649,2.9,0.089,17.0,40.0,0.99803,9.5,5
882,5780,3.1,0.194,14.0,26.0,0.99536,12.0,6
275,5173,4.0,0.087,27.0,61.0,0.9965,10.7,6
1574,6472,13.9,0.074,23.0,92.0,0.99677,10.5,6
604,5502,2.9,0.096,14.0,63.0,0.9984,9.1,6
464,5362,2.1,0.084,5.0,15.0,0.9987,9.2,6
380,5278,2.0,0.08,11.0,27.0,0.9974,9.4,6
936,5834,2.3,0.06,19.0,72.0,0.99543,11.8,6
1536,6434,1.9,0.077,24.0,45.0,0.99528,10.3,6
146,5044,1.8,0.087,21.0,94.0,0.9944,10.0,5
212,5110,2.1,0.059,5.0,15.0,0.998,10.2,6
1181,6079,1.65,0.068,5.0,11.0,0.99478,11.4,5
609,5507,3.2,0.075,15.0,39.0,0.9956,12.7,6
1183,6081,1.6,0.07,16.0,61.0,0.99572,9.3,5
422,5320,2.0,0.047,15.0,60.0,0.9955,10.9,5
473,5371,2.1,0.062,5.0,14.0,0.9971,10.6,5
1308,6206,2.5,0.088,22.0,91.0,0.9979,10.1,5
1555,6453,1.7,0.065,15.0,24.0,0.99514,10.55,7
1141,6039,2.5,0.08,24.0,71.0,0.99624,11.0,6
918,5816,2.2,0.081,32.0,79.0,0.9964,11.0,6
1136,6034,2.0,0.08,6.0,13.0,0.99774,11.4,6
757,5655,2.2,0.084,10.0,31.0,0.99656,9.8,5
676,5574,2.2,0.084,7.0,17.0,0.9984,9.3,6
618,5516,2.7,0.122,4.0,17.0,1.0006,10.2,5
286,5184,2.0,0.073,25.0,49.0,0.9997,10.3,6
1295,6193,4.3,0.093,51.0,77.5,0.99558,9.5,5
968,5866,2.4,0.068,29.0,46.0,0.9943,12.2,6
556,5454,4.6,0.118,10.0,17.0,1.0002,11.7,6
1371,6269,3.1,0.153,5.0,14.0,0.99476,11.6,6
860,5758,2.7,0.077,15.0,85.0,0.99746,9.5,5
470,5368,2.6,0.093,15.0,47.0,0.9996,10.6,5
306,5204,2.2,0.082,7.0,54.0,0.9966,9.4,5
176,5074,2.0,0.08,7.0,35.0,0.9961,9.5,5
1303,6201,1.8,0.081,28.0,68.0,0.99501,11.2,5
401,5299,1.7,0.059,20.0,38.0,0.9949,10.8,6
657,5555,1.4,0.073,23.0,42.0,0.998,10.5,7
1258,6156,2.7,0.123,15.0,33.0,0.99538,11.3,6
1179,6077,2.4,0.076,11.0,47.0,0.99599,11.0,6
1281,6179,1.9,0.077,28.0,54.0,0.9956,10.4,6
907,5805,2.2,0.079,6.0,9.0,0.9948,11.5,6
1123,6021,1.9,0.081,17.0,29.0,0.99674,11.2,6
1367,6265,2.2,0.088,9.0,105.0,0.99725,10.5,6
165,5063,1.7,0.1,14.0,96.0,0.9961,9.5,5
143,5041,1.7,0.066,3.0,20.0,0.9954,9.4,5
578,5476,2.9,0.085,17.0,110.0,0.9982,9.8,5
1483,6381,1.5,0.042,6.0,12.0,0.99542,10.7,5
546,5444,2.0,0.078,10.0,28.0,0.9983,9.5,6
562,5460,2.9,0.094,41.0,110.0,0.9982,9.2,5
975,5873,2.1,0.083,35.0,72.0,0.997,9.4,5
227,5125,2.6,0.089,9.0,23.0,0.9984,9.8,5
318,5216,3.2,0.083,21.0,59.0,0.9989,11.5,7
848,5746,1.8,0.081,14.0,31.0,0.99689,9.8,5
1060,5958,1.8,0.074,3.0,8.0,0.9981,9.9,6
35,4933,5.5,0.086,5.0,18.0,0.9986,9.6,6
772,5670,2.3,0.082,23.0,144.0,0.99782,9.4,5
1147,6045,6.2,0.071,6.0,14.0,0.99702,11.8,7
315,5213,2.5,0.096,20.0,53.0,0.9962,11.0,6
525,5423,2.8,0.105,29.0,53.0,0.9998,9.9,5
1512,6410,2.2,0.061,11.0,17.0,0.99588,10.4,6
181,5079,2.0,0.27,23.0,110.0,0.9972,9.3,5
413,5311,6.7,0.097,6.0,19.0,0.9986,11.7,7
1322,6220,1.8,0.058,9.0,18.0,0.99392,11.4,5
518,5416,2.8,0.088,11.0,32.0,0.9972,11.7,6
541,5439,6.3,0.064,5.0,17.0,0.9988,11.0,6
1498,6396,2.3,0.068,7.0,13.0,0.99582,10.8,6
307,5205,2.4,0.213,6.0,14.0,0.9994,9.5,6
104,5002,2.2,0.07,5.0,36.0,0.996,9.4,5
1355,6253,1.8,0.086,5.0,32.0,0.99464,10.1,5
1027,5925,2.2,0.065,28.0,52.0,0.99378,11.6,5
481,5379,2.8,0.08,6.0,17.0,0.9964,11.7,8
1439,6337,2.2,0.072,31.0,92.0,0.99566,11.06666667,6
185,5083,2.0,0.111,26.0,85.0,0.9971,9.7,5
1416,6314,2.2,0.077,3.0,15.0,0.9994,9.6,5
1099,5997,1.5,0.096,5.0,18.0,0.99666,9.4,5
428,5326,1.3,0.07,9.0,30.0,0.9978,9.3,5
894,5792,2.2,0.08,17.0,88.0,0.99745,9.8,6
643,5541,2.3,0.071,21.0,68.0,0.9992,9.5,5
1254,6152,1.9,0.079,20.0,35.0,0.99628,10.9,5
1298,6196,1.4,0.063,11.0,18.0,0.99191,12.2,6
99,4997,1.9,0.08,13.0,35.0,0.9972,9.0,6
699,5597,2.1,0.071,5.0,19.0,0.9986,10.8,6
832,5730,1.5,0.145,34.0,48.0,0.99832,9.9,3
439,5337,1.5,0.062,7.0,50.0,0.9951,9.3,5
1192,6090,2.5,0.063,11.0,41.0,0.99439,12.4,7
1019,5917,1.8,0.078,10.0,23.0,0.99636,10.4,5
376,5274,3.0,0.078,19.0,47.0,1.0003,11.0,6
1173,6071,1.7,0.079,26.0,65.0,0.99716,9.5,6
300,5198,2.6,0.086,20.0,44.0,0.9965,10.7,6
1115,6013,2.5,0.091,15.0,21.0,0.99572,11.3,6
576,5474,2.3,0.103,6.0,14.0,0.9978,10.0,4
1333,6231,2.2,0.079,12.0,48.0,0.9976,9.6,5
152,5050,1.8,0.095,25.0,99.0,0.995,10.1,5
188,5086,2.0,0.084,15.0,143.0,0.9968,9.5,5
90,4988,1.9,0.079,42.0,140.0,0.9964,9.5,5
290,5188,2.5,0.091,20.0,49.0,0.9976,10.6,7
485,5383,1.9,0.054,6.0,17.0,0.9976,10.0,5
712,5610,3.2,0.084,13.0,33.0,0.9992,9.4,5
280,5178,3.6,0.071,6.0,19.0,0.9986,9.3,6
721,5619,2.85,0.094,35.0,106.0,0.9982,9.2,5
1596,6494,2.3,0.076,29.0,40.0,0.99574,11.0,6
1359,6257,1.4,0.091,6.0,28.0,0.99704,10.03333333,6
599,5497,2.3,0.082,11.0,22.0,1.0,9.3,6
679,5577,3.3,0.06,20.0,49.0,0.9972,9.6,5
773,5671,1.8,0.157,1.0,44.0,0.9973,9.5,6
711,5609,3.0,0.093,16.0,112.0,0.9998,9.5,5
1472,6370,2.6,0.073,23.0,44.0,0.99656,11.1,6
1134,6032,1.7,0.061,6.0,15.0,0.99524,11.8,7
967,5865,2.1,0.097,23.0,113.0,0.99733,9.2,5
1565,6463,1.9,0.061,26.0,42.0,0.99489,10.9,6
1066,5964,2.4,0.07,13.0,26.0,0.99358,12.5,7
1261,6159,2.0,0.083,17.0,24.0,0.99437,11.2,4
161,5059,1.3,0.072,9.0,20.0,0.9965,9.2,4
1168,6066,2.8,0.067,8.0,44.0,0.99384,12.0,6
263,5161,1.8,0.077,23.0,49.0,0.9963,9.3,5
1352,6250,1.9,0.086,14.0,57.0,0.9969,10.3,5
1205,6103,2.1,0.074,24.0,44.0,0.99534,11.0,7
251,5149,1.8,0.074,16.0,34.0,0.9972,9.9,6
628,5526,2.5,0.097,7.0,31.0,0.9976,9.3,6
499,5397,3.0,0.086,23.0,81.0,1.0002,11.6,6
1529,6427,2.1,0.063,42.0,52.0,0.99608,10.2,6
1306,6204,2.5,0.088,22.0,91.0,0.9979,10.1,5
431,5329,2.2,0.074,21.0,66.0,0.9974,9.2,5
31,4929,2.5,0.105,22.0,37.0,0.9966,10.6,6
667,5565,2.0,0.082,6.0,15.0,0.9988,9.2,6
1207,6105,1.7,0.136,24.0,52.0,0.99752,10.0,5
1175,6073,2.2,0.095,48.0,59.0,0.99541,11.5,6
1246,6144,1.7,0.086,15.0,48.0,0.99502,10.0,5
1446,6344,1.9,0.078,18.0,30.0,0.99712,9.8,5
137,5035,2.0,0.081,13.0,45.0,0.9972,9.2,5
593,5491,3.5,0.094,9.0,43.0,1.0004,9.0,5
404,5302,2.7,0.075,15.0,27.0,0.9974,9.1,5
142,5040,1.8,0.05,27.0,63.0,0.9916,14.0,6
692,5590,2.0,0.422,16.0,62.0,0.9979,9.0,5
1358,6256,5.4,0.168,52.0,98.0,0.99736,9.5,5
538,5436,5.8,0.066,5.0,35.0,1.0014,12.0,7
459,5357,2.2,0.074,10.0,47.0,1.0008,9.0,3
1278,6176,2.3,0.075,13.0,81.0,0.99688,9.5,6
800,5698,4.0,0.082,26.0,108.0,0.99641,9.4,5
430,5328,2.1,0.066,6.0,24.0,0.9978,11.0,7
194,5092,2.2,0.071,7.0,28.0,0.9964,9.7,5
1366,6264,1.7,0.094,10.0,45.0,0.99576,9.8,5
320,5218,3.2,0.083,21.0,59.0,0.9989,11.5,7
1152,6050,2.2,0.118,9.0,38.0,0.99616,9.8,5
808,5706,1.9,0.165,4.0,12.0,0.99702,9.2,5
1579,6477,1.7,0.053,24.0,32.0,0.99402,11.3,5
566,5464,2.5,0.226,5.0,15.0,0.9991,9.0,6
1350,6248,2.0,0.069,32.0,73.0,0.99654,10.0,5
484,5382,4.1,0.114,6.0,24.0,0.997,13.4,6
82,4980,2.0,0.086,21.0,73.0,0.997,9.1,5
486,5384,1.9,0.054,6.0,17.0,0.9976,10.0,5
1521,6419,1.9,0.082,9.0,23.0,0.99585,9.05,4
1255,6153,2.4,0.069,26.0,46.0,0.99358,11.0,5
1170,6068,1.6,0.062,5.0,12.0,0.99667,10.5,6
898,5796,2.4,0.078,17.0,43.0,0.99444,12.5,7
843,5741,2.0,0.088,9.0,92.0,0.9963,9.4,5
1283,6181,2.7,0.096,17.0,69.0,0.99734,10.2,6
804,5702,2.7,0.084,4.0,18.0,0.99682,9.9,6
654,5552,2.4,0.074,7.0,29.0,0.9979,9.5,5
980,5878,1.9,0.065,8.0,17.0,0.99774,10.5,6
964,5862,1.9,0.058,18.0,38.0,0.99518,11.1,6
346,5244,2.7,0.072,17.0,34.0,0.9955,12.3,7
1045,5943,1.4,0.07,32.0,38.0,0.99438,11.4,6
728,5626,1.8,0.067,4.0,11.0,0.997,9.5,5
930,5828,1.9,0.08,8.0,25.0,0.99746,10.5,5
457,5355,2.7,0.097,29.0,65.0,0.9988,9.6,5
1154,6052,2.2,0.1,50.0,63.0,0.99544,11.4,6
1053,5951,2.3,0.07,9.0,20.0,0.99426,12.7,7
539,5437,5.15,0.1,5.0,17.0,0.9996,11.2,5
674,5572,2.2,0.084,7.0,17.0,0.9984,9.3,6
799,5697,3.6,0.082,5.0,14.0,0.9987,10.7,6
856,5754,1.5,0.08,41.0,55.0,0.99652,10.9,6
1597,6495,2.0,0.075,32.0,44.0,0.99547,10.2,5
392,5290,2.0,0.082,6.0,26.0,0.998,9.5,5
1244,6142,13.4,0.067,72.0,160.0,0.99721,10.3,6
442,5340,3.7,0.1,6.0,43.0,1.0032,11.2,7
1459,6357,1.7,0.054,7.0,15.0,0.99458,11.9,7
608,5506,5.1,0.11,11.0,65.0,1.0026,10.4,6
1202,6100,1.8,0.068,6.0,12.0,0.99516,11.7,8
1354,6252,2.3,0.077,7.0,28.0,0.99568,10.0,5
590,5488,2.6,0.084,21.0,75.0,0.9987,9.7,5
87,4985,1.9,0.062,9.0,31.0,0.9966,9.6,5
624,5522,5.6,0.124,21.0,58.0,0.9997,10.2,5
809,5707,2.8,0.07,4.0,15.0,0.99693,10.3,6
725,5623,3.0,0.077,5.0,13.0,0.9976,10.4,5
959,5857,2.0,0.089,12.0,32.0,0.99735,10.0,5
1078,5976,6.4,0.08,3.0,8.0,0.99817,11.0,5
249,5147,2.0,0.084,6.0,23.0,0.9983,9.9,6
1237,6135,2.2,0.059,11.0,18.0,0.99242,12.8,6
331,5229,2.9,0.122,10.0,41.0,0.998,12.5,6
334,5232,2.5,0.078,17.0,38.0,0.9963,11.7,7
192,5090,3.8,0.099,16.0,126.0,0.9969,9.5,5
1373,6271,3.8,0.11,34.0,89.0,0.99664,9.3,5
105,5003,2.1,0.077,12.0,65.0,0.9967,9.2,5
1289,6187,4.5,0.068,20.0,110.0,0.99914,10.2,5
1198,6096,2.0,0.052,19.0,77.0,0.9951,10.9,6
714,5612,2.6,0.078,21.0,77.0,0.998,9.8,5
690,5588,4.25,0.097,5.0,14.0,0.9966,10.7,3
101,4999,1.9,0.075,8.0,22.0,0.9959,10.4,6
1018,5916,0.9,0.049,36.0,109.0,0.99007,12.7,6
124,5022,1.6,0.082,21.0,102.0,0.996,9.5,5
1055,5953,2.0,0.095,5.0,77.0,0.99747,9.1,6
1342,6240,1.7,0.085,17.0,31.0,0.99589,10.4,6
1039,5937,2.2,0.088,21.0,39.0,0.99692,11.1,6
899,5797,3.4,0.084,6.0,11.0,0.99892,11.0,3
8,4906,2.0,0.073,9.0,18.0,0.9968,9.5,7
893,5791,2.3,0.078,16.0,86.0,0.99743,9.7,5
1265,6163,2.3,0.081,16.0,36.0,0.99564,10.3,6
1000,5898,2.2,0.062,6.0,12.0,0.99495,11.5,7
591,5489,1.7,0.07,23.0,149.0,0.9922,11.5,6
847,5745,1.8,0.078,12.0,39.0,0.9977,9.9,6
61,4959,1.8,0.115,20.0,112.0,0.9968,9.3,5
1118,6016,2.1,0.065,14.0,24.0,0.99252,13.3,6
716,5614,2.3,0.075,10.0,48.0,0.9976,9.4,5
436,5334,2.0,0.06,38.0,62.0,0.9958,10.2,6
1474,6372,13.8,0.205,48.0,82.0,1.00242,8.8,5
1370,6268,1.7,0.415,12.0,66.0,0.99623,9.2,5
14,4912,3.8,0.176,52.0,145.0,0.9986,9.2,5
119,5017,1.8,0.097,22.0,89.0,0.9959,9.2,6
1002,5900,2.05,0.063,13.0,27.0,0.99516,11.7,7
317,5215,2.9,0.082,30.0,74.0,0.99865,10.4,6
989,5887,1.5,0.073,14.0,21.0,0.99556,10.9,6
854,5752,1.5,0.08,41.0,55.0,0.99652,10.9,6
978,5876,3.6,0.061,9.0,29.0,0.99416,11.3,7
343,5241,1.8,0.118,6.0,14.0,0.9982,9.8,6
77,4975,2.4,0.104,14.0,30.0,0.9966,10.7,6
765,5663,3.0,0.091,12.0,48.0,0.99888,9.5,6
1325,6223,1.7,0.077,18.0,34.0,0.9948,10.6,6
1489,6387,2.1,0.048,4.0,11.0,0.99448,10.8,6
1102,6000,1.7,0.078,18.0,30.0,0.99402,11.2,6
1256,6154,1.8,0.082,43.0,60.0,0.99499,9.2,5
761,5659,2.0,0.096,5.0,35.0,0.99738,9.6,5
1544,6442,2.3,0.063,12.0,19.0,0.9955,11.2,7
544,5442,1.8,0.075,6.0,15.0,1.0008,8.4,6
945,5843,2.0,0.071,7.0,20.0,0.99566,11.1,7
908,5806,2.4,0.078,34.0,61.0,0.99528,10.8,6
678,5576,2.6,0.081,45.0,87.0,0.9983,10.0,5
1576,6474,1.6,0.081,16.0,29.0,0.99588,10.8,6
497,5395,2.5,0.09,43.0,113.0,0.9966,11.1,5
570,5468,3.3,0.07,10.0,37.0,1.0003,11.0,6
1450,6348,2.0,0.062,15.0,28.0,0.9947,11.3,7
426,5324,2.1,0.045,19.0,48.0,0.9949,11.4,6
1589,6487,7.8,0.073,29.0,79.0,0.9977,9.2,5
1340,6238,1.7,0.084,13.0,31.0,0.99538,10.5,6
245,5143,2.0,0.084,6.0,23.0,0.9983,9.9,6
1321,6219,1.2,0.041,16.0,46.0,0.99258,12.5,6
1234,6132,2.2,0.059,11.0,18.0,0.99242,12.8,6
68,4966,2.0,0.074,27.0,65.0,0.9969,10.7,5
1222,6120,2.2,0.078,33.0,89.0,0.99678,9.6,6
977,5875,2.6,0.109,31.0,119.0,0.99801,9.1,5
743,5641,2.8,0.096,25.0,101.0,1.00024,10.0,5
1228,6126,1.8,0.044,18.0,88.0,0.99157,13.6,7
1508,6406,2.1,0.074,17.0,25.0,0.99814,10.6,6
694,5592,2.7,0.084,24.0,125.0,0.9984,9.4,5
713,5611,2.3,0.075,10.0,48.0,0.9976,9.4,5
1189,6087,1.8,0.075,5.0,19.0,0.99616,9.6,4
942,5840,2.6,0.092,13.0,52.0,0.99834,10.0,7
823,5721,2.0,0.076,15.0,36.0,0.9973,9.8,5
668,5566,2.3,0.059,15.0,31.0,0.9966,11.0,5
839,5737,2.2,0.092,13.0,26.0,0.99647,10.0,5
731,5629,3.45,0.088,4.0,14.0,0.9994,11.5,5
580,5478,2.2,0.089,5.0,14.0,1.0002,9.6,5
878,5776,4.0,0.094,30.0,69.0,0.99787,10.0,6
123,5021,2.6,0.08,11.0,34.0,0.9976,9.5,5
1545,6443,1.8,0.059,16.0,28.0,0.99531,10.1,6
400,5298,7.9,0.122,68.0,124.0,0.9994,9.9,5
1538,6436,2.5,0.081,15.0,26.0,0.99538,12.0,5
282,5180,3.0,0.067,12.0,53.0,0.9971,9.1,5
979,5877,1.4,0.075,3.0,6.0,0.9969,10.4,5
1097,5995,1.5,0.096,5.0,18.0,0.99666,9.4,5
1326,6224,1.7,0.077,18.0,34.0,0.9948,10.6,6
1436,6334,1.6,0.169,27.0,90.0,0.99914,8.5,5
45,4943,2.1,0.054,8.0,65.0,0.9934,13.1,4
1304,6202,2.3,0.087,21.0,68.0,0.9955,9.2,5
32,4930,2.3,0.083,15.0,113.0,0.9966,9.8,5
1360,6258,2.3,0.112,11.0,38.0,0.99699,10.9,5
737,5635,2.5,0.093,19.0,58.0,1.0002,9.3,6
1107,6005,2.0,0.068,10.0,24.0,0.99523,11.7,7
825,5723,2.8,0.076,15.0,37.0,0.99624,10.7,5
1235,6133,12.9,0.054,6.0,113.0,0.99572,11.5,4
957,5855,2.0,0.088,12.0,51.0,0.99613,11.1,6
353,5251,4.8,0.12,23.0,77.0,1.0018,13.0,5
938,5836,2.8,0.068,23.0,42.0,0.99356,12.9,7
1042,5940,2.2,0.088,21.0,39.0,0.99692,11.1,6
584,5482,3.4,0.093,54.0,80.0,1.0002,10.7,7
309,5207,1.7,0.062,9.0,30.0,0.9968,9.5,6
1344,6242,2.6,0.077,8.0,20.0,0.99852,11.0,5
348,5246,2.8,0.089,15.0,46.0,0.9979,10.0,6
617,5515,2.2,0.079,14.0,28.0,0.9982,9.8,6
685,5583,2.6,0.059,5.0,15.0,0.997,11.3,5
709,5607,1.6,0.062,13.0,33.0,0.9983,10.0,6
986,5884,1.4,0.066,3.0,7.0,0.9947,11.4,7
835,5733,1.5,0.066,27.0,55.0,0.99655,9.3,5
421,5319,2.3,0.059,32.0,48.0,0.9952,12.3,7
196,5094,2.4,0.074,15.0,55.0,0.9968,10.2,5
1404,6302,2.6,0.082,12.0,46.0,0.9985,10.7,6
1174,6072,1.7,0.079,26.0,65.0,0.99716,9.5,6
1430,6328,1.8,0.066,18.0,47.0,0.9956,10.4,5
812,5710,2.5,0.099,20.0,38.0,0.99818,10.8,5
444,5342,1.7,0.054,5.0,27.0,0.9934,12.5,7
139,5037,2.0,0.081,17.0,108.0,0.9962,9.5,5
1526,6424,2.2,0.064,18.0,38.0,0.99553,9.6,6
1567,6465,2.0,0.076,12.0,20.0,0.99546,10.1,5
992,5890,2.0,0.076,30.0,47.0,0.99554,9.4,6
361,5259,2.6,0.086,21.0,50.0,0.9982,9.9,6
526,5424,2.5,0.088,39.0,106.0,0.9966,11.0,5
402,5300,2.6,0.085,19.0,64.0,1.0,10.5,6
366,5264,5.8,0.083,7.0,42.0,1.0022,10.0,7
513,5411,2.4,0.107,6.0,15.0,0.9973,11.8,7
927,5825,2.2,0.093,11.0,75.0,0.99736,9.2,4
1121,6019,1.8,0.062,21.0,28.0,0.99352,12.3,6
1105,6003,2.1,0.048,13.0,49.0,0.99374,12.8,5
332,5230,3.2,0.066,21.0,114.0,0.9973,9.4,6
144,5042,1.8,0.05,27.0,63.0,0.9916,14.0,6
49,4947,1.4,0.074,12.0,96.0,0.9954,9.2,5
407,5305,3.0,0.093,12.0,30.0,0.9996,10.8,7
369,5267,2.4,0.074,6.0,18.0,0.9962,12.0,7
1444,6342,2.2,0.072,31.0,92.0,0.99566,11.1,6
89,4987,1.8,0.076,8.0,24.0,0.9978,9.0,5
891,5789,2.3,0.078,16.0,86.0,0.99743,9.7,5
572,5470,2.4,0.075,10.0,28.0,0.9978,10.4,5
399,5297,2.3,0.064,9.0,42.0,0.9963,9.4,5
1223,6121,2.2,0.074,9.0,23.0,0.99638,12.0,6
1379,6277,2.6,0.077,11.0,35.0,0.99557,10.8,6
670,5568,2.5,0.083,30.0,45.0,0.9959,10.0,5
623,5521,2.9,0.077,21.0,45.0,0.9974,12.1,6
781,5679,2.4,0.114,9.0,37.0,0.99732,9.8,5
9,4907,6.1,0.071,17.0,102.0,0.9978,10.5,5
1108,6006,3.3,0.09,4.0,13.0,0.99855,9.5,5
829,5727,2.1,0.071,16.0,24.0,0.99376,11.1,6
710,5608,2.8,0.08,21.0,84.0,0.9985,10.1,5
112,5010,2.2,0.085,14.0,111.0,0.9964,9.8,5
502,5400,6.55,0.074,38.0,76.0,0.999,12.0,7
177,5075,2.3,0.087,8.0,38.0,0.9972,10.5,6
880,5778,1.6,0.078,10.0,21.0,0.99576,9.9,5
1089,5987,1.5,0.095,22.0,41.0,0.99735,9.9,7
54,4952,2.8,0.11,33.0,73.0,0.9955,10.2,6
873,5771,1.6,0.067,6.0,10.0,0.99552,11.1,7
72,4970,1.9,0.084,18.0,94.0,0.9961,9.5,5
339,5237,2.3,0.082,12.0,29.0,0.9997,9.8,7
956,5854,2.1,0.111,5.0,10.0,0.99568,11.3,6
771,5669,2.4,0.082,23.0,143.0,0.9978,9.4,5
877,5775,2.1,0.064,31.0,43.0,0.99371,11.8,6
365,5263,3.4,0.107,7.0,21.0,0.9979,11.8,6
583,5481,1.9,0.074,10.0,21.0,0.9976,9.9,7
1049,5947,1.8,0.084,6.0,17.0,0.99704,10.8,6
255,5153,3.2,0.073,17.0,119.0,0.99675,9.3,5
311,5209,2.0,0.072,15.0,105.0,0.996,9.4,6
994,5892,2.5,0.092,20.0,88.0,0.99918,9.4,5
352,5250,2.4,0.09,8.0,19.0,0.9974,9.3,5
1551,6449,2.3,0.083,18.0,27.0,0.99768,9.4,5
1034,5932,2.5,0.077,15.0,48.0,0.99739,9.7,6
1272,6170,1.9,0.077,25.0,44.0,0.99385,11.2,5
925,5823,1.9,0.064,53.0,77.0,0.99604,11.0,7
1550,6448,2.3,0.087,17.0,26.0,0.99783,9.5,5
1519,6417,2.6,0.106,14.0,27.0,0.99665,10.2,5
1227,6125,2.0,0.104,8.0,21.0,0.99769,9.6,5
241,5139,2.1,0.093,6.0,24.0,0.99925,10.9,6
903,5801,6.0,0.06,11.0,18.0,0.9962,10.8,7
1563,6461,2.0,0.076,12.0,20.0,0.99546,10.1,5
131,5029,2.3,0.049,17.0,99.0,0.9937,13.0,5
3,4901,1.9,0.075,17.0,60.0,0.998,9.8,6
179,5077,2.4,0.067,10.0,42.0,0.9969,9.5,5
1008,5906,3.6,0.11,12.0,24.0,0.99549,12.0,7
1159,6057,2.2,0.11,11.0,37.0,0.99728,10.8,5
796,5694,2.5,0.126,24.0,64.0,0.99746,9.6,5
76,4974,2.2,0.093,9.0,42.0,0.9986,10.5,5
447,5345,2.1,0.127,6.0,16.0,0.9968,11.2,5
1414,6312,2.2,0.077,3.0,15.0,0.9994,9.6,5
520,5418,2.7,0.088,15.0,33.0,0.9982,10.0,6
233,5131,2.6,0.081,10.0,37.0,0.99685,11.0,5
745,5643,2.1,0.07,12.0,28.0,0.99768,9.5,6
1523,6421,2.0,0.076,29.0,61.0,0.9953,10.4,5
22,4920,1.6,0.106,10.0,37.0,0.9966,9.5,5
410,5308,2.5,0.08,26.0,86.0,0.9987,9.5,6
19,4917,1.8,0.341,17.0,56.0,0.9969,9.2,6
688,5586,1.6,0.039,4.0,9.0,0.9962,9.4,5
990,5888,1.7,0.097,19.0,27.0,0.99596,9.4,5
774,5672,1.8,0.157,2.0,45.0,0.99727,9.5,6
651,5549,2.5,0.104,35.0,155.0,1.001,11.2,5
298,5196,2.3,0.094,5.0,31.0,0.9993,9.7,5
666,5564,1.8,0.222,6.0,16.0,0.998,9.5,6
43,4941,2.2,0.069,9.0,23.0,0.9968,10.3,5
816,5714,3.2,0.081,8.0,30.0,0.9984,10.5,6
1392,6290,1.3,0.07,5.0,12.0,0.9942,9.8,5
815,5713,2.5,0.099,20.0,38.0,0.99818,10.8,5
697,5595,2.1,0.066,8.0,25.0,0.9972,9.5,6
46,4944,2.2,0.114,22.0,114.0,0.997,9.2,5
974,5872,5.9,0.073,7.0,13.0,0.99658,12.1,7
620,5518,3.4,0.076,16.0,112.0,0.9976,9.4,5
15,4913,3.9,0.17,51.0,148.0,0.9986,9.2,5
1267,6165,2.3,0.068,13.0,19.0,0.996,11.4,6
178,5076,2.5,0.068,7.0,20.0,0.9969,9.6,5
1221,6119,1.8,0.132,17.0,44.0,0.99734,11.5,6
405,5303,1.4,0.059,11.0,25.0,0.9966,10.1,6
335,5233,3.4,0.128,7.0,21.0,0.9992,12.2,7
739,5637,2.4,0.088,19.0,38.0,0.999,9.3,5
650,5548,2.2,0.106,8.0,32.0,0.9986,9.6,5
1478,6376,5.7,0.082,3.0,14.0,0.99808,10.2,3
819,5717,3.2,0.097,9.0,59.0,0.99976,9.6,5
528,5426,2.6,0.084,32.0,55.0,0.9988,8.7,6
1103,6001,2.1,0.071,14.0,25.0,0.99388,12.0,6
1077,5975,6.4,0.08,3.0,8.0,0.99817,11.0,5
236,5134,1.9,0.097,14.0,38.0,0.99675,9.0,6
886,5784,2.4,0.083,8.0,28.0,0.99836,10.4,6
895,5793,2.3,0.08,27.0,43.0,0.9955,10.7,6
456,5354,2.3,0.095,5.0,22.0,0.9986,10.3,5
340,5238,2.4,0.066,10.0,21.0,1.0,9.2,6
1171,6069,2.2,0.078,26.0,44.0,0.99522,10.8,6
780,5678,2.0,0.19,12.0,45.0,0.99676,9.4,6
863,5761,2.5,0.078,17.0,84.0,0.99746,9.7,5
1142,6040,2.4,0.043,6.0,12.0,0.99354,11.4,6
1572,6470,2.2,0.069,35.0,104.0,0.99632,9.5,5
649,5547,8.6,0.068,24.0,148.0,0.9948,11.3,6
297,5195,2.0,0.083,8.0,29.0,0.99855,9.6,5
515,5413,6.1,0.122,34.0,151.0,1.001,9.3,5
1381,6279,1.8,0.074,4.0,25.0,0.99534,9.6,5
1029,5927,1.8,0.088,12.0,18.0,0.99568,10.5,7
17,4915,1.7,0.368,16.0,56.0,0.9968,9.3,5
652,5550,7.5,0.096,22.0,71.0,0.9976,14.9,5
760,5658,2.8,0.075,9.0,104.0,0.99779,9.7,5
1562,6460,2.0,0.076,12.0,20.0,0.99546,10.1,5
97,4995,2.0,0.07,3.0,22.0,0.9963,9.2,5
170,5068,1.8,0.058,4.0,8.0,0.9972,9.1,4
673,5571,1.7,0.074,5.0,13.0,0.9968,9.5,5
215,5113,5.6,0.06,26.0,121.0,0.9974,10.5,5
256,5154,2.2,0.075,5.0,13.0,0.998,9.2,5
246,5144,1.9,0.075,16.0,51.0,0.99685,9.5,5
589,5487,2.6,0.059,5.0,13.0,0.9976,10.5,7
861,5759,2.0,0.039,15.0,88.0,0.99357,11.5,6
981,5879,1.9,0.079,13.0,28.0,0.99712,10.0,5
537,5435,2.1,0.084,5.0,13.0,0.9972,10.7,6
100,4998,2.1,0.084,11.0,50.0,0.9972,10.2,6
1328,6226,1.8,0.073,13.0,38.0,0.9955,9.3,5
1271,6169,1.6,0.049,24.0,64.0,0.9935,11.7,6
1573,6471,2.4,0.075,15.0,50.0,0.99467,12.5,6
467,5365,2.6,0.065,7.0,18.0,0.9947,14.0,6
1470,6368,1.4,0.084,8.0,24.0,0.99578,9.7,5
281,5179,3.5,0.358,5.0,10.0,0.9972,9.9,7
1575,6473,2.2,0.06,12.0,20.0,0.99474,11.8,6
876,5774,2.2,0.067,7.0,14.0,0.99517,10.9,4
201,5099,2.1,0.097,39.0,145.0,0.9975,9.3,5
1262,6160,2.5,0.081,34.0,66.0,0.99726,9.8,5
912,5810,2.9,0.065,4.0,8.0,0.99674,12.2,6
359,5257,2.6,0.088,10.0,41.0,1.001,9.8,6
635,5533,1.4,0.065,24.0,33.0,0.9954,9.7,5
1240,6138,1.7,0.076,36.0,60.0,0.99494,9.3,5
1585,6483,2.6,0.066,22.0,48.0,0.99494,11.5,6
966,5864,2.4,0.103,6.0,10.0,0.99604,11.9,7
756,5654,2.0,0.057,15.0,33.0,0.99488,11.2,6
960,5858,1.9,0.058,18.0,38.0,0.99518,11.1,6
1025,5923,2.8,0.095,17.0,43.0,0.99822,10.4,6
1424,6322,1.4,0.076,8.0,23.0,0.9974,9.6,6
1543,6441,2.2,0.064,14.0,19.0,0.99758,10.4,6
1006,5904,2.05,0.063,13.0,27.0,0.99516,11.7,7
729,5627,3.2,0.071,27.0,58.0,0.995,12.7,6
1146,6044,1.8,0.178,6.0,21.0,0.996,9.8,6
158,5056,2.2,0.073,12.0,22.0,0.9969,9.3,5
157,5055,5.5,0.071,28.0,128.0,0.9973,10.5,5
607,5505,3.3,0.092,26.0,52.0,0.9982,10.5,6
451,5349,1.8,0.413,9.0,26.0,0.9979,9.1,6
1362,6260,1.4,0.091,6.0,28.0,0.99704,10.03333333,6
1509,6407,1.8,0.062,7.0,20.0,0.9941,11.1,5
691,5589,2.6,0.087,12.0,93.0,0.9998,9.8,5
1578,6476,1.8,0.118,13.0,20.0,0.9954,11.3,6
1393,6291,2.0,0.078,19.0,59.0,0.99612,10.2,5
1253,6151,1.4,0.096,6.0,13.0,0.99569,9.5,5
1156,6054,1.75,0.071,45.0,88.0,0.99524,11.8,7
1133,6031,5.5,0.089,10.0,18.0,0.99684,11.2,7
1197,6095,1.5,0.069,4.0,9.0,0.99458,9.8,6
1158,6056,2.8,0.076,22.0,54.0,0.99572,10.6,6
200,5098,1.4,0.056,9.0,24.0,0.99695,10.3,7
976,5874,2.1,0.083,35.0,72.0,0.997,9.4,5
1493,6391,1.9,0.089,23.0,147.0,0.99636,9.7,5
1201,6099,1.9,0.065,5.0,10.0,0.99419,11.2,7
732,5630,2.1,0.092,10.0,19.0,0.9966,9.6,5
1590,6488,1.8,0.077,26.0,35.0,0.99314,11.6,6
247,5145,2.3,0.072,11.0,73.0,0.9963,9.3,5
60,4958,2.2,0.079,19.0,52.0,0.998,9.2,5
379,5277,2.5,0.094,24.0,60.0,0.9979,10.8,6
1076,5974,2.0,0.073,3.0,8.0,0.99534,11.4,6
1518,6416,2.2,0.114,7.0,20.0,0.99647,10.5,5
1408,6306,2.2,0.048,35.0,53.0,0.995,12.4,7
1196,6094,2.3,0.076,23.0,94.0,0.99686,9.5,6
433,5331,2.3,0.091,6.0,18.0,1.0004,9.5,5
159,5057,1.9,0.079,18.0,86.0,0.9968,9.3,6
1349,6247,2.8,0.081,21.0,41.0,0.99518,10.8,5
205,5103,2.6,0.095,9.0,28.0,0.9994,10.8,7
115,5013,2.2,0.09,13.0,62.0,0.9966,10.5,6
63,4961,2.0,0.081,13.0,54.0,0.9966,9.8,5
682,5580,2.25,0.078,32.0,58.0,0.998,9.8,5
189,5087,1.9,0.082,17.0,144.0,0.9968,9.5,5
1533,6431,1.9,0.074,32.0,84.0,0.99717,9.0,5
1166,6064,2.0,0.111,7.0,60.0,0.99709,10.2,5
269,5167,4.0,0.104,4.0,23.0,0.9996,10.1,6
958,5856,2.3,0.12,25.0,36.0,0.99519,11.3,7
163,5061,7.3,0.07,36.0,121.0,0.9982,9.4,5
597,5495,1.9,0.071,5.0,18.0,0.998,10.0,6
1080,5978,1.4,0.047,3.0,8.0,0.99471,11.8,6
869,5767,2.0,0.08,27.0,43.0,0.99578,10.9,6
503,5401,1.9,0.078,6.0,24.0,0.9976,10.9,7
736,5634,2.1,0.112,11.0,22.0,0.9963,9.5,5
646,5544,3.6,0.107,6.0,20.0,0.9972,10.1,5
1218,6116,1.9,0.082,8.0,24.0,0.996,10.6,6
385,5283,2.4,0.09,11.0,37.0,0.9979,9.7,6
308,5206,2.4,0.214,5.0,12.0,0.9994,9.5,6
1592,6490,2.3,0.076,29.0,40.0,0.99574,11.0,6
997,5895,2.2,0.087,3.0,11.0,0.99378,12.8,7
915,5813,2.2,0.079,3.0,6.0,0.99512,11.9,6
149,5047,2.8,0.089,11.0,43.0,0.9975,10.5,6
461,5359,2.6,0.087,6.0,19.0,0.9982,9.3,5
561,5459,2.4,0.078,26.0,121.0,0.9978,9.2,5
1050,5948,1.8,0.082,27.0,51.0,0.99634,10.4,5
468,5366,2.1,0.09,6.0,21.0,1.0,9.2,6
1351,6249,2.3,0.065,8.0,46.0,0.99332,11.8,6
920,5818,2.3,0.091,10.0,23.0,0.99786,10.5,5
897,5795,2.3,0.08,27.0,43.0,0.9955,10.7,6
445,5343,2.1,0.079,6.0,31.0,0.9986,10.1,6
885,5783,2.5,0.086,9.0,30.0,0.99824,10.5,5
733,5631,2.7,0.082,16.0,72.0,0.998,9.5,5
203,5101,1.6,0.088,16.0,39.0,0.9961,9.2,5
274,5172,7.0,0.088,27.0,94.0,0.99915,9.4,5
988,5886,1.7,0.097,19.0,27.0,0.99596,9.4,5
388,5286,1.9,0.088,23.0,53.0,0.9981,9.2,6
1065,5963,2.4,0.083,6.0,20.0,0.9963,10.2,6
27,4925,1.6,0.106,10.0,37.0,0.9966,9.5,5
347,5245,3.0,0.093,6.0,15.0,0.9986,12.0,6
830,5728,2.5,0.058,5.0,9.0,0.99632,10.9,4
1468,6366,2.1,0.062,31.0,54.0,0.99728,10.0,7
749,5647,2.1,0.07,12.0,28.0,0.99768,9.5,6
1365,6263,2.2,0.115,10.0,42.0,0.9971,9.5,5
647,5545,2.2,0.07,5.0,14.0,0.9967,11.0,4
814,5712,2.8,0.103,19.0,41.0,0.99939,11.3,6
933,5831,2.0,0.074,13.0,38.0,0.99748,9.8,5
55,4953,3.8,0.084,25.0,45.0,0.9978,9.5,5
1477,6375,2.2,0.048,16.0,89.0,0.99182,13.6,7
406,5304,2.5,0.063,9.0,28.0,0.9981,10.8,6
323,5221,2.8,0.09,35.0,73.0,0.999,9.5,6
195,5093,2.0,0.074,24.0,120.0,0.9968,9.4,5
207,5105,1.8,0.069,26.0,120.0,0.99625,9.3,5
1504,6402,2.3,0.106,5.0,12.0,0.99605,11.4,6
1143,6041,1.8,0.065,16.0,20.0,0.99672,10.0,6
754,5652,1.7,0.415,14.0,32.0,0.99656,9.1,6
952,5850,2.2,0.058,6.0,10.0,0.99536,11.2,7
822,5720,2.0,0.076,15.0,36.0,0.9973,9.8,5
665,5563,2.0,0.084,25.0,48.0,0.9981,9.7,5
727,5625,1.8,0.067,4.0,11.0,0.997,9.5,5
559,5457,4.3,0.085,6.0,47.0,1.0021,12.7,6
821,5719,2.1,0.048,16.0,42.0,0.99154,14.0,7
267,5165,3.6,0.078,15.0,37.0,0.9973,12.8,8
1021,5919,2.4,0.123,3.0,8.0,0.99642,11.9,6
1307,6205,3.9,0.068,15.0,29.0,0.99524,11.1,4
301,5199,1.5,0.068,7.0,15.0,0.9973,10.1,6
435,5333,2.3,0.091,6.0,18.0,1.0004,9.5,5
995,5893,2.0,0.079,19.0,41.0,0.99697,10.1,6
1098,5996,2.1,0.216,5.0,16.0,0.99358,12.5,7
483,5381,2.2,0.152,7.0,18.0,0.9986,9.4,5
613,5511,1.5,0.058,10.0,29.0,0.9962,9.8,5
1568,6466,1.6,0.077,25.0,42.0,0.99629,9.2,5
730,5628,2.3,0.387,12.0,37.0,0.9982,9.6,5
384,5282,2.1,0.087,23.0,54.0,0.998,9.2,5
367,5265,2.6,0.076,11.0,24.0,1.0,9.0,5
702,5600,2.1,0.067,9.0,23.0,0.997,9.4,6
454,5352,1.6,0.063,21.0,67.0,0.9952,11.1,5
963,5861,2.0,0.1,20.0,27.0,0.99546,11.2,6
700,5598,2.9,0.076,26.0,88.0,0.9984,10.1,6
1263,6161,2.2,0.089,13.0,26.0,0.9978,9.6,4
96,4994,3.0,0.102,8.0,23.0,0.9965,10.7,5
1188,6086,2.1,0.08,11.0,119.0,0.99538,10.9,5
293,5191,2.4,0.098,5.0,16.0,0.9964,10.1,6
1120,6018,2.5,0.076,8.0,17.0,0.99235,13.1,8
153,5051,1.8,0.095,25.0,99.0,0.995,10.1,5
1361,6259,2.5,0.093,13.0,54.0,0.99724,10.1,5
1125,6023,1.7,0.055,13.0,27.0,0.99394,11.3,7
1570,6468,2.2,0.23,19.0,35.0,0.9934,12.4,6
1182,6080,2.5,0.068,41.0,54.0,0.99754,10.5,6
1330,6228,2.1,0.083,17.0,91.0,0.99616,9.8,6
1081,5979,8.3,0.05,37.5,289.0,0.99316,12.3,7
1090,5988,1.9,0.083,42.0,74.0,0.99451,11.8,8
1095,5993,2.5,0.087,6.0,20.0,0.99772,10.5,5
1546,6444,2.0,0.072,17.0,26.0,0.99575,10.2,5
1245,6143,1.8,0.082,15.0,34.0,0.99655,10.5,5
74,4972,2.5,0.094,28.0,83.0,0.9984,9.6,5
64,4962,4.65,0.086,4.0,11.0,0.9962,10.9,5
425,5323,2.3,0.059,32.0,48.0,0.9952,12.3,7
278,5176,6.4,0.073,5.0,13.0,0.9976,12.6,8
418,5316,2.0,0.121,7.0,20.0,0.9996,10.4,6
1140,6038,1.7,0.08,33.0,79.0,0.9969,9.5,6
2,4900,2.3,0.092,15.0,54.0,0.997,9.8,5
582,5480,2.2,0.083,5.0,15.0,1.0,9.2,5
693,5591,2.8,0.084,21.0,122.0,0.9984,9.4,5
1353,6251,1.9,0.086,14.0,57.0,0.9969,10.3,5
611,5509,2.7,0.081,5.0,16.0,1.0006,9.4,5
1412,6310,5.1,0.062,8.0,22.0,0.9974,10.9,6
450,5348,2.8,0.095,17.0,35.0,0.9994,10.8,6
1163,6061,1.7,0.078,10.0,21.0,0.99692,10.0,5
653,5551,2.8,0.079,9.0,30.0,0.9976,12.0,6
574,5472,3.2,0.078,20.0,78.0,0.9992,10.0,6
1064,5962,2.0,0.067,5.0,10.0,0.99418,11.8,6
874,5772,2.1,0.104,6.0,10.0,0.99664,11.8,7
687,5585,3.1,0.095,13.0,38.0,0.9998,9.7,5
5,4903,1.8,0.075,13.0,40.0,0.9978,9.4,5
1586,6484,2.4,0.065,34.0,60.0,0.99492,11.4,6
1530,6428,2.2,0.063,9.0,18.0,0.99444,11.3,6
1338,6236,1.4,0.057,15.0,26.0,0.99448,9.5,5
253,5151,1.9,0.092,8.0,86.0,0.9959,9.5,5
531,5429,2.7,0.098,12.0,42.0,1.0004,10.3,5
1124,6022,2.2,0.096,3.0,13.0,0.99557,11.5,4
596,5494,2.0,0.059,6.0,24.0,0.9994,9.3,6
209,5107,2.1,0.054,7.0,19.0,0.998,10.5,7
172,5070,2.0,0.073,6.0,18.0,0.9972,9.2,6
1488,6386,1.7,0.049,5.0,13.0,0.9942,11.4,5
417,5315,1.9,0.091,34.0,124.0,0.9956,10.5,5
1164,6062,1.7,0.078,10.0,21.0,0.99692,10.0,5
222,5120,1.5,0.057,5.0,10.0,0.99525,9.5,5
1552,6450,3.7,0.103,32.0,54.0,0.99586,11.3,6
568,5466,2.6,0.25,5.0,20.0,0.999,10.7,6
1471,6369,3.75,0.067,8.0,16.0,0.99334,12.6,5
516,5414,4.3,0.1,5.0,14.0,1.001,11.9,6
836,5734,2.4,0.012,36.0,100.0,0.99064,11.7,7
1447,6345,1.9,0.08,22.0,39.0,0.99701,9.7,5
612,5510,2.4,0.077,18.0,29.0,0.9965,10.0,6
86,4984,1.9,0.11,20.0,136.0,0.9972,9.9,6
272,5170,4.0,0.071,17.0,65.0,0.99935,10.1,5
543,5441,2.5,0.085,16.0,53.0,0.9993,11.0,6
1139,6037,2.0,0.079,16.0,86.0,0.99764,9.5,6
1564,6462,2.0,0.076,12.0,20.0,0.99546,10.1,5
818,5716,2.35,0.071,21.0,47.0,0.99632,9.4,5
542,5440,2.1,0.07,5.0,20.0,0.9966,9.9,5
1388,6286,6.1,0.083,7.0,49.0,0.99718,10.3,5
1391,6289,2.4,0.094,5.0,33.0,0.99612,11.0,5
354,5252,1.4,0.066,40.5,165.0,0.9912,11.9,6
724,5622,3.1,0.086,5.0,12.0,0.9958,11.2,4
1420,6318,1.6,0.077,3.0,19.0,0.995,9.8,5
117,5015,2.0,0.082,7.0,28.0,0.997,9.4,6
1264,6162,1.8,0.066,26.0,51.0,0.99456,11.8,6
394,5292,2.3,0.063,6.0,25.0,0.9997,9.9,5
783,5681,2.4,0.114,9.0,37.0,0.99732,9.8,5
1334,6232,2.0,0.166,4.0,11.0,0.99608,10.0,5
173,5071,1.9,0.068,24.0,42.0,0.9961,11.5,6
560,5458,2.8,0.075,5.0,19.0,0.9994,11.4,5
239,5137,2.3,0.065,7.0,37.0,0.99685,9.0,6
460,5358,2.3,0.083,14.0,23.0,0.9976,11.3,6
1275,6173,2.3,0.075,13.0,81.0,0.99688,9.5,6
753,5651,2.9,0.089,17.0,40.0,0.99803,9.5,5
453,5351,2.8,0.084,5.0,22.0,0.9998,11.2,7
722,5620,2.7,0.084,15.0,48.0,0.9968,10.0,5
853,5751,1.5,0.08,41.0,55.0,0.99652,10.9,6
961,5859,1.6,0.078,7.0,18.0,0.99592,9.3,5
1465,6363,1.7,0.063,34.0,53.0,0.9958,9.7,5
615,5513,2.3,0.079,28.0,71.0,0.9997,9.7,5
1402,6300,2.0,0.052,6.0,24.0,0.9963,11.9,6
1486,6384,2.1,0.07,9.0,23.0,0.99546,10.3,5
614,5512,2.2,0.148,10.0,103.0,0.9969,10.2,6
1052,5950,2.4,0.073,19.0,25.0,0.99258,12.9,5
180,5078,2.4,0.067,10.0,42.0,0.9969,9.5,5
1406,6304,5.1,0.062,8.0,22.0,0.9974,10.9,6
1249,6147,2.3,0.079,24.0,37.0,0.99514,10.9,6
798,5696,3.6,0.082,5.0,14.0,0.9987,10.7,6
1137,6035,2.0,0.08,6.0,13.0,0.99774,11.4,6
828,5726,2.3,0.065,34.0,45.0,0.99417,12.7,8
524,5422,2.4,0.086,23.0,116.0,0.9976,9.5,5
174,5072,2.0,0.08,7.0,35.0,0.9961,9.5,5
658,5556,1.4,0.074,5.0,20.0,0.9973,9.6,6
423,5321,2.1,0.066,6.0,24.0,0.9978,11.0,7
248,5146,1.7,0.074,9.0,39.0,0.99615,9.8,6
622,5520,1.9,0.08,9.0,32.0,0.9974,9.5,5
1356,6254,1.8,0.084,4.0,28.0,0.99464,10.1,5
522,5420,2.3,0.099,47.0,133.0,0.9979,9.8,5
1463,6361,2.4,0.076,14.0,39.0,0.99522,10.8,6
1513,6411,1.8,0.078,17.0,65.0,0.99294,10.5,6
37,4935,2.1,0.066,13.0,30.0,0.9968,9.7,7
926,5824,2.3,0.061,52.0,73.0,0.99786,10.2,6
752,5650,2.5,0.097,24.0,66.0,0.99785,9.4,5
507,5405,2.3,0.084,6.0,13.0,1.0,9.5,6
841,5739,3.0,0.115,21.0,31.0,0.99629,10.3,5
1092,5990,2.0,0.081,10.0,16.0,0.99479,11.5,6
621,5519,3.4,0.078,14.0,104.0,0.9976,9.4,5
766,5664,2.9,0.089,12.0,74.0,0.99738,9.4,5
1217,6115,1.9,0.057,43.0,74.0,0.99408,12.0,6
606,5504,4.6,0.072,10.0,20.0,0.9973,12.2,7
133,5031,1.5,0.06,17.0,26.0,0.9952,9.8,6
252,5150,3.1,0.09,5.0,21.0,0.9986,10.5,5
866,5764,2.3,0.071,13.0,24.0,0.99438,11.3,6
775,5673,3.0,0.102,7.0,16.0,0.99586,10.0,5
303,5201,1.6,0.186,5.0,21.0,0.996,9.5,5
1318,6216,2.0,0.083,17.0,91.0,0.99616,9.8,6
34,4932,1.8,0.103,13.0,50.0,0.9957,9.2,5
1291,6189,2.1,0.073,25.0,60.0,0.99638,10.9,6
224,5122,2.0,0.089,15.0,55.0,0.99745,10.4,4
414,5312,2.7,0.087,24.0,122.0,0.9982,9.5,5
1432,6330,1.6,0.042,3.0,11.0,0.9944,11.7,6
852,5750,2.5,0.08,26.0,122.0,0.99801,9.7,5
1276,6174,6.3,0.05,3.0,10.0,0.99566,12.0,4
462,5360,2.55,0.085,10.0,25.0,0.997,11.8,5
363,5261,2.0,0.071,6.0,15.0,0.9988,10.2,5
1211,6109,2.1,0.076,22.0,53.0,0.9957,9.3,5
870,5768,2.1,0.064,31.0,43.0,0.99371,11.8,6
1079,5977,8.3,0.05,37.5,278.0,0.99316,12.3,7
1026,5924,1.9,0.066,14.0,36.0,0.99364,12.6,6
383,5281,2.0,0.08,11.0,27.0,0.9974,9.4,6
1346,6244,2.1,0.056,5.0,13.0,0.99472,11.4,5
1243,6141,2.4,0.082,10.0,86.0,0.9983,9.5,5
598,5496,2.1,0.078,5.0,30.0,0.9967,9.8,6
1537,6435,1.9,0.059,20.0,31.0,0.99484,10.2,6
321,5219,3.4,0.09,25.0,87.0,0.99975,9.7,5
558,5456,4.6,0.118,10.0,17.0,1.0002,11.7,6
1499,6397,2.3,0.054,7.0,16.0,0.99508,11.5,6
1527,6425,1.7,0.071,15.0,24.0,0.9951,10.8,6
330,5228,2.9,0.122,10.0,41.0,0.998,12.5,6
1591,6489,1.7,0.089,16.0,26.0,0.99402,11.6,6
1500,6398,1.5,0.076,8.0,15.0,0.99508,9.6,5
1294,6192,2.1,0.073,25.0,60.0,0.99638,10.9,6
900,5798,2.6,0.056,10.0,39.0,0.99562,11.8,5
501,5399,6.55,0.074,38.0,76.0,0.999,12.0,7
785,5683,2.3,0.083,11.0,61.0,0.9982,9.5,5
268,5166,3.0,0.077,7.0,27.0,0.9987,9.4,6
634,5532,1.9,0.073,46.0,102.0,0.9964,9.5,5
160,5058,2.0,0.09,7.0,20.0,0.9959,9.6,5
1058,5956,2.4,0.093,30.0,52.0,0.9971,11.6,7
1230,6128,2.7,0.066,15.0,58.0,0.9947,11.8,6
820,5718,1.9,0.099,9.0,22.0,0.99606,9.7,5
1347,6245,1.8,0.078,7.0,12.0,0.99587,9.5,5
703,5601,2.6,0.073,22.0,84.0,0.9972,9.6,4
973,5871,1.7,0.079,6.0,12.0,0.99605,10.7,5
1200,6098,1.5,0.069,4.0,9.0,0.99458,9.8,6
1292,6190,2.4,0.056,14.0,28.0,0.99362,12.4,6
304,5202,2.1,0.112,12.0,90.0,0.9973,9.2,5
911,5809,9.0,0.114,3.0,9.0,0.99901,10.9,6
1466,6364,2.1,0.062,31.0,54.0,0.99728,10.0,7
1542,6440,1.9,0.064,29.0,38.0,0.99472,10.75,6
1399,6297,2.2,0.068,10.0,24.0,0.9956,11.1,6
950,5848,1.8,0.075,10.0,21.0,0.99552,11.9,7
1057,5955,3.9,0.104,28.0,90.0,0.99784,9.1,5
446,5344,2.6,0.081,31.0,72.0,0.9996,10.5,5
605,5503,2.6,0.085,6.0,24.0,0.9984,9.2,6
1456,6354,1.8,0.05,38.0,89.0,0.99236,10.55,6
626,5524,2.2,0.098,5.0,15.0,0.9988,9.1,5
625,5523,5.6,0.124,21.0,58.0,0.9997,10.2,5
1510,6408,2.2,0.047,26.0,48.0,0.99661,9.7,6
1203,6101,5.8,0.111,33.0,76.0,0.99878,9.4,5
1035,5933,2.4,0.085,5.0,17.0,0.99683,10.6,7
29,4927,2.0,0.082,8.0,16.0,0.9964,9.8,6
993,5891,2.0,0.082,31.0,68.0,0.99694,9.4,5
1236,6134,1.7,0.07,7.0,17.0,0.99659,9.4,6
793,5691,2.6,0.055,7.0,13.0,0.99639,10.8,5
1162,6060,2.3,0.075,12.0,19.0,0.99434,11.8,7
1054,5952,2.0,0.095,5.0,77.0,0.99747,9.1,6
1514,6412,4.1,0.074,16.0,65.0,0.99842,9.233333333,6
844,5742,1.7,0.062,26.0,42.0,0.9959,10.6,6
984,5882,1.4,0.075,3.0,6.0,0.9969,10.4,5
1309,6207,1.4,0.071,27.0,63.0,0.996,9.2,5
329,5227,2.0,0.061,7.0,15.0,0.9981,9.5,5
548,5446,2.6,0.079,27.0,69.0,0.9994,10.4,6
1074,5972,8.1,0.098,30.0,92.0,0.99892,9.2,5
374,5272,3.8,0.089,6.0,47.0,1.0014,10.8,6
1559,6457,2.0,0.08,31.0,131.0,0.99622,9.9,5
52,4950,2.1,0.068,6.0,14.0,0.9955,9.4,6
837,5735,2.4,0.012,36.0,100.0,0.99064,11.7,7
397,5295,2.6,0.087,13.0,49.0,0.9988,11.0,6
1075,5973,2.0,0.071,45.0,67.0,0.99769,10.2,7
1438,6336,1.7,0.052,3.0,8.0,0.996,10.3,5
84,4982,1.8,0.069,18.0,61.0,0.9959,10.3,6
1377,6275,2.3,0.09,23.0,74.0,0.9953,12.2,6
288,5186,2.5,0.091,20.0,49.0,0.9976,10.6,7
190,5088,2.9,0.077,21.0,127.0,0.9976,9.4,5
65,4963,4.65,0.086,4.0,11.0,0.9962,10.9,5
659,5557,4.4,0.096,5.0,13.0,0.997,11.0,4
328,5226,2.6,0.082,6.0,21.0,1.0002,9.7,6
370,5268,2.3,0.063,35.0,63.0,0.9975,9.9,5
1433,6331,1.8,0.069,11.0,25.0,0.9955,10.1,7
1385,6283,3.4,0.076,34.0,85.0,0.99668,9.2,5
1540,6438,4.4,0.071,11.0,32.0,0.99646,11.6,6
56,4954,3.4,0.07,4.0,10.0,0.9971,9.6,5
372,5270,1.8,0.067,26.0,46.0,0.9967,10.6,6
1339,6237,1.7,0.084,13.0,31.0,0.99538,10.5,6
935,5833,2.3,0.06,19.0,72.0,0.99543,11.8,6
1481,6379,3.0,0.104,10.0,22.0,0.99828,10.6,5
763,5661,2.0,0.096,5.0,35.0,0.99738,9.6,5
416,5314,2.2,0.111,6.0,20.0,0.997,11.7,6
904,5802,6.0,0.06,11.0,18.0,0.9962,10.8,7
6,4904,1.6,0.069,15.0,59.0,0.9964,9.4,5
103,5001,2.1,0.077,12.0,65.0,0.9967,9.2,5
971,5869,1.9,0.066,6.0,10.0,0.99724,10.9,6
1491,6389,1.7,0.049,5.0,13.0,0.9942,11.4,5
1407,6305,2.1,0.064,40.0,54.0,0.995,10.7,6
788,5686,2.2,0.079,19.0,58.0,0.9991,10.1,6
232,5130,2.8,0.09,18.0,58.0,0.998,9.6,6
619,5517,2.3,0.088,6.0,16.0,0.9988,9.3,5
1324,6222,1.7,0.077,18.0,34.0,0.9948,10.6,6
1033,5931,2.6,0.089,14.0,27.0,0.99592,10.4,6
916,5814,1.5,0.161,7.0,62.0,0.99395,11.0,5
213,5111,2.2,0.06,28.0,65.0,0.9959,10.1,5
1534,6432,2.4,0.064,13.0,29.0,0.99397,11.7,7
1213,6111,1.9,0.071,5.0,13.0,0.99659,10.5,6
644,5542,2.3,0.071,16.0,40.0,0.9991,9.4,5
1051,5949,1.4,0.414,16.0,45.0,0.99702,9.2,5
1593,6491,1.9,0.068,28.0,38.0,0.99651,9.5,6
230,5128,1.6,0.054,19.0,106.0,0.9927,12.2,7
794,5692,2.3,0.065,7.0,26.0,0.99531,12.5,6
1172,6070,2.1,0.074,5.0,16.0,0.99649,12.3,6
748,5646,2.1,0.071,12.0,31.0,0.99761,9.6,6
872,5770,2.0,0.067,28.0,48.0,0.99576,10.0,4
498,5396,2.6,0.07,5.0,16.0,0.9972,11.0,8
58,4956,2.3,0.076,17.0,54.0,0.9975,10.0,5
1280,6178,1.9,0.077,28.0,54.0,0.9956,10.4,6
342,5240,1.8,0.118,6.0,14.0,0.9982,9.8,6
1319,6217,1.7,0.414,18.0,64.0,0.99652,9.1,6
965,5863,2.4,0.065,24.0,48.0,0.99554,11.0,6
806,5704,2.0,0.041,4.0,10.0,0.99386,12.5,7
1069,5967,2.8,0.086,28.0,52.0,0.997,10.8,5
532,5430,2.7,0.098,12.0,42.0,1.0004,10.3,5
782,5680,2.4,0.081,26.0,96.0,0.99814,10.0,5
1435,6333,15.4,0.214,55.0,95.0,1.00369,9.0,6
219,5117,2.4,0.08,24.0,144.0,0.99655,9.5,5
1022,5920,2.1,0.062,4.0,9.0,0.99584,10.5,5
776,5674,2.4,0.243,5.5,48.0,0.99612,10.3,6
28,4926,1.9,0.08,14.0,35.0,0.9972,9.4,5
1581,6479,1.7,0.053,24.0,32.0,0.99402,11.3,5
434,5332,3.2,0.076,22.0,54.0,0.9996,9.9,6
1327,6225,1.7,0.077,18.0,34.0,0.9948,10.6,6
66,4964,1.5,0.079,11.0,39.0,0.9968,9.6,5
1047,5945,1.8,0.082,27.0,51.0,0.99634,10.4,5
955,5853,1.9,0.09,9.0,23.0,0.99648,10.4,5
67,4965,1.6,0.076,6.0,15.0,0.9962,10.7,5
266,5164,3.3,0.096,26.0,61.0,1.00025,9.8,4
813,5711,2.1,0.102,4.0,7.0,0.99462,11.4,4
1554,6452,2.4,0.062,15.0,23.0,0.99627,11.0,6
505,5403,2.9,0.072,10.0,26.0,0.9968,12.5,7
403,5301,2.7,0.085,10.0,41.0,0.9994,10.5,6
184,5082,1.9,0.079,8.0,62.0,0.997,9.3,6
1296,6194,4.3,0.093,51.0,77.5,0.99558,9.5,5
1337,6235,1.4,0.057,15.0,26.0,0.99448,9.5,5
792,5690,2.5,0.081,17.0,87.0,0.99745,9.7,6
982,5880,2.1,0.07,51.0,70.0,0.99418,12.9,6
998,5896,1.4,0.05,4.0,10.0,0.99554,9.1,6
199,5097,2.1,0.061,12.0,31.0,0.9948,11.4,4
452,5350,1.7,0.084,18.0,35.0,0.9968,10.0,6
187,5085,2.6,0.084,9.0,26.0,0.9976,9.7,5
322,5220,2.3,0.079,6.0,18.0,0.99735,9.3,5
807,5705,2.4,0.052,4.0,10.0,0.99356,12.8,7
1215,6113,2.1,0.095,20.0,29.0,0.99488,11.3,6
1505,6403,1.8,0.078,6.0,12.0,0.996,9.95,3
1313,6211,2.3,0.086,20.0,65.0,0.99558,10.1,6
708,5606,2.5,0.068,11.0,35.0,0.996,11.6,6
672,5570,2.0,0.079,32.0,151.0,0.998,9.5,5
1413,6311,2.0,0.104,12.0,89.0,0.9963,10.1,5
1431,6329,2.1,0.069,13.0,74.0,0.9958,9.9,6
929,5827,3.3,0.063,10.0,19.0,0.99468,12.0,7
1442,6340,1.9,0.078,18.0,30.0,0.99712,9.8,5
495,5393,2.6,0.07,5.0,16.0,0.9972,11.0,8
412,5310,1.9,0.1,15.0,77.0,0.9966,9.3,5
1457,6355,1.9,0.074,27.0,85.0,0.99706,9.0,5
849,5747,1.6,0.08,12.0,32.0,0.99689,9.8,5
1469,6367,2.1,0.061,20.0,49.0,0.99705,9.7,3
987,5885,1.6,0.08,35.0,70.0,0.99693,9.4,5
1274,6172,2.1,0.102,17.0,36.0,0.9944,11.2,6
1476,6374,13.8,0.205,48.0,82.0,1.00242,8.8,5
357,5255,2.95,0.116,12.0,29.0,0.997,11.7,7
1396,6294,1.6,0.09,4.0,11.0,0.99745,9.55,5
364,5262,5.8,0.083,7.0,42.0,1.0022,10.0,7
10,4908,1.8,0.097,15.0,65.0,0.9959,9.2,5
1452,6350,2.0,0.062,37.0,53.0,0.99374,11.6,7
1345,6243,2.3,0.063,10.0,28.0,0.99613,10.2,6
1507,6405,2.3,0.106,5.0,12.0,0.99605,11.4,6
1127,6025,2.9,0.072,26.0,52.0,0.99379,11.5,6
21,4919,2.3,0.082,23.0,71.0,0.9982,9.7,5
824,5722,2.8,0.068,6.0,16.0,0.99682,10.3,5
530,5428,2.1,0.078,1.0,28.0,0.999,10.3,6
429,5327,2.4,0.088,13.0,35.0,0.9997,10.4,6
488,5386,2.8,0.081,35.0,67.0,1.0002,10.8,7
186,5084,2.0,0.082,14.0,67.0,0.9972,9.2,5
1063,5961,2.4,0.075,6.0,17.0,0.99565,11.8,6
1087,5985,1.6,0.057,18.0,30.0,0.994,11.2,6
999,5897,1.65,0.055,7.0,12.0,0.99162,12.9,6
1036,5934,2.5,0.082,26.0,35.0,0.99356,12.5,7
125,5023,1.9,0.146,27.0,90.0,0.9984,9.4,5
235,5133,1.9,0.097,14.0,38.0,0.99675,9.0,6
482,5380,2.2,0.152,6.0,18.0,0.9986,9.4,5
44,4942,1.8,0.05,5.0,11.0,0.9962,9.5,5
943,5841,2.3,0.094,10.0,45.0,0.99864,9.7,7
127,5025,1.8,0.082,3.0,12.0,0.9964,10.9,5
1088,5986,1.5,0.095,22.0,41.0,0.99735,9.9,7
1386,6284,1.8,0.1,8.0,23.0,0.9961,9.6,5
1104,6002,2.2,0.073,16.0,25.0,0.9936,12.4,6
550,5448,2.1,0.074,9.0,25.0,0.9958,9.5,6
779,5677,2.6,0.076,21.0,92.0,0.99745,9.8,5
1535,6433,2.2,0.075,15.0,35.0,0.9959,9.7,6
645,5543,6.0,0.115,5.0,11.0,0.9984,10.1,7
1248,6146,2.2,0.081,22.0,36.0,0.9949,11.1,6
932,5830,1.9,0.078,29.0,66.0,0.9971,9.5,6
1331,6229,3.8,0.107,31.0,67.0,0.99668,9.2,5
1522,6420,2.3,0.071,23.0,58.0,0.99633,10.6,5
1155,6053,2.2,0.118,9.0,38.0,0.99616,9.8,5
631,5529,2.7,0.105,5.0,19.0,0.9988,9.5,5
575,5473,3.1,0.079,28.0,46.0,0.9993,10.2,6
554,5452,4.2,0.095,10.0,23.0,1.00315,11.1,5
587,5485,1.9,0.108,18.0,102.0,0.9967,9.3,5
850,5748,1.9,0.085,9.0,22.0,0.99708,9.5,5
1193,6091,2.3,0.166,6.0,12.0,0.99551,10.8,5
1494,6392,1.4,0.066,15.0,28.0,0.99459,10.0,7
39,4937,5.9,0.074,12.0,87.0,0.9978,10.5,5
234,5132,2.3,0.065,7.0,37.0,0.99685,9.0,6
857,5755,2.5,0.073,16.0,47.0,0.99594,11.3,7
1220,6118,1.8,0.132,17.0,44.0,0.99734,11.5,6
588,5486,2.0,0.06,19.0,50.0,0.9917,14.0,8
51,4949,2.2,0.069,8.0,15.0,0.9956,9.4,6
